{"cameraMode":{"drawMode":0,"name":"Shaded","section":"Shading Mode"},"sceneLighting":true,"audioPlay":false,"sceneViewState":{"m_AlwaysRefresh":false,"showFog":true,"showSkybox":true,"showFlares":true,"showImageEffects":true,"showParticleSystems":true,"showVisualEffectGraphs":true,"m_FxEnabled":true},"in2DMode":false,"pivot":{"x":-0.3664677143096924,"y":0.5872923135757446,"z":2.3952648639678957},"rotation":{"x":0.334262877702713,"y":-0.006824876181781292,"z":0.002261357381939888,"w":0.9425105452537537},"size":6.093723297119141,"orthographic":false}