{"cameraMode":{"drawMode":0,"name":"Shaded","section":"Shading Mode"},"sceneLighting":true,"audioPlay":false,"sceneViewState":{"m_AlwaysRefresh":false,"showFog":true,"showSkybox":true,"showFlares":true,"showImageEffects":true,"showParticleSystems":true,"showVisualEffectGraphs":true,"m_FxEnabled":true},"in2DMode":false,"pivot":{"x":0.555086076259613,"y":0.6879311800003052,"z":-0.15348747372627259},"rotation":{"x":0.12044203281402588,"y":0.8789165019989014,"z":-0.31030040979385378,"w":0.34177836775779726},"size":7.884055137634277,"orthographic":false}